Erros,Acertos,NINT,TAPR,Épocas,Acurácia,EMQ
13,14,5,0.9,200000,51.85185185185185%,0.00176745325661
