Erros,Acertos,NINT1,NINT2,TAPR,TAPR1,Épocas,Acurácia,EMQ
0,288,7,5,0.5,0.7,300000,100.0%,9.49940205071e-06
0,288,5,5,0.5,0.7,300000,100.0%,5.61194998944e-06
0,288,3,5,0.5,0.7,300000,100.0%,5.87420370198e-06
0,288,4,5,0.5,0.7,300000,100.0%,1.9235289298e-05
0,288,10,5,0.5,0.7,300000,100.0%,7.87887275192e-06
0,288,8,5,0.5,0.7,300000,100.0%,7.43497999277e-06
0,288,9,5,0.5,0.7,300000,100.0%,6.23528050526e-06
